<?xml version="1.0" encoding="UTF-8"?>
<project-private xmlns="http://www.netbeans.org/ns/project-private/1">
    <editor-bookmarks xmlns="http://www.netbeans.org/ns/editor-bookmarks/2" lastBookmarkId="0"/>
    <open-files xmlns="http://www.netbeans.org/ns/projectui-open-files/2">
        <group>
            <file>file:/D:/Informática/5to%20semestre/Sistemas/Ponche/src/exceptions/EjemplosExcepciones/InvalidDateExample.java</file>
            <file>file:/D:/Informática/5to%20semestre/Sistemas/Ponche/src/modelo/Cliente.java</file>
            <file>file:/D:/Informática/5to%20semestre/Sistemas/Ponche/test/modelo/ClienteTest.java</file>
        </group>
    </open-files>
</project-private>
